{
  "temperature": {
    "Bacolod": {
      "start_mean": 27.033333333333335,
      "end_mean": 27.101222222222226,
      "change": 0.06788888888889133
    },
    "Calapan": {
      "start_mean": 26.666666666666668,
      "end_mean": 26.732777777777773,
      "change": 0.06611111111110546
    },
    "Cebu City": {
      "start_mean": 28.23,
      "end_mean": 28.179666666666662,
      "change": -0.050333333333338004
    },
    "Dagupan": {
      "start_mean": 25.94,
      "end_mean": 26.239444444444448,
      "change": 0.29944444444444684
    },
    "Davao City": {
      "start_mean": 29.016666666666666,
      "end_mean": 29.05488888888889,
      "change": 0.038222222222223934
    },
    "Digos": {
      "start_mean": 29.026666666666664,
      "end_mean": 29.080111111111112,
      "change": 0.05344444444444818
    },
    "Lapu-Lapu": {
      "start_mean": 27.936666666666667,
      "end_mean": 28.016000000000002,
      "change": 0.07933333333333437
    },
    "Mandaue": {
      "start_mean": 28.326666666666664,
      "end_mean": 28.23311111111111,
      "change": -0.09355555555555384
    },
    "Pinamalayan": {
      "start_mean": 27.09333333333333,
      "end_mean": 26.898444444444447,
      "change": -0.19488888888888312
    },
    "Roxas": {
      "start_mean": 27.35666666666667,
      "end_mean": 26.996999999999996,
      "change": -0.3596666666666728
    },
    "San Carlos": {
      "start_mean": 25.80666666666667,
      "end_mean": 25.788555555555554,
      "change": -0.018111111111114298
    },
    "Santa Cruz": {
      "start_mean": 29.116666666666667,
      "end_mean": 28.777,
      "change": -0.3396666666666661
    },
    "Silay": {
      "start_mean": 27.293333333333333,
      "end_mean": 27.05488888888889,
      "change": -0.23844444444444335
    },
    "Talisay": {
      "start_mean": 26.63,
      "end_mean": 27.335222222222225,
      "change": 0.7052222222222255
    },
    "Urdaneta": {
      "start_mean": 26.2,
      "end_mean": 25.900888888888893,
      "change": -0.299111111111106
    }
  },
  "humidity": {
    "Bacolod": {
      "start_mean": 81.9,
      "end_mean": 79.15777777777777,
      "change": -2.7422222222222388
    },
    "Calapan": {
      "start_mean": 80.9,
      "end_mean": 81.28111111111112,
      "change": 0.3811111111111103
    },
    "Cebu City": {
      "start_mean": 78.93333333333334,
      "end_mean": 79.51888888888888,
      "change": 0.5855555555555441
    },
    "Dagupan": {
      "start_mean": 81.76666666666667,
      "end_mean": 78.55999999999999,
      "change": -3.2066666666666777
    },
    "Davao City": {
      "start_mean": 80.5,
      "end_mean": 79.6588888888889,
      "change": -0.841111111111104
    },
    "Digos": {
      "start_mean": 80.03333333333333,
      "end_mean": 81.24,
      "change": 1.2066666666666634
    },
    "Lapu-Lapu": {
      "start_mean": 81.8,
      "end_mean": 77.81444444444445,
      "change": -3.9855555555555497
    },
    "Mandaue": {
      "start_mean": 79.46666666666667,
      "end_mean": 80.56222222222223,
      "change": 1.0955555555555634
    },
    "Pinamalayan": {
      "start_mean": 79.06666666666666,
      "end_mean": 78.55888888888889,
      "change": -0.5077777777777754
    },
    "Roxas": {
      "start_mean": 80.76666666666667,
      "end_mean": 81.08111111111111,
      "change": 0.3144444444444474
    },
    "San Carlos": {
      "start_mean": 78.33333333333333,
      "end_mean": 80.33444444444444,
      "change": 2.001111111111115
    },
    "Santa Cruz": {
      "start_mean": 78.43333333333334,
      "end_mean": 80.93666666666667,
      "change": 2.5033333333333303
    },
    "Silay": {
      "start_mean": 77.3,
      "end_mean": 80.34333333333332,
      "change": 3.0433333333333223
    },
    "Talisay": {
      "start_mean": 76.56666666666666,
      "end_mean": 81.4111111111111,
      "change": 4.844444444444434
    },
    "Urdaneta": {
      "start_mean": 79.2,
      "end_mean": 80.87555555555555,
      "change": 1.6755555555555475
    }
  },
  "rainfall": {
    "Bacolod": {
      "start_mean": 2.0,
      "end_mean": 2.5067777777777773,
      "change": 0.5067777777777773
    },
    "Calapan": {
      "start_mean": 2.646666666666667,
      "end_mean": 2.286111111111111,
      "change": -0.36055555555555596
    },
    "Cebu City": {
      "start_mean": 2.79,
      "end_mean": 2.0609999999999995,
      "change": -0.7290000000000005
    },
    "Dagupan": {
      "start_mean": 2.05,
      "end_mean": 2.4043333333333328,
      "change": 0.35433333333333294
    },
    "Davao City": {
      "start_mean": 2.8633333333333337,
      "end_mean": 2.169,
      "change": -0.6943333333333337
    },
    "Digos": {
      "start_mean": 1.9866666666666668,
      "end_mean": 2.346888888888889,
      "change": 0.3602222222222222
    },
    "Lapu-Lapu": {
      "start_mean": 2.1733333333333333,
      "end_mean": 2.859111111111111,
      "change": 0.6857777777777776
    },
    "Mandaue": {
      "start_mean": 2.1133333333333333,
      "end_mean": 2.538666666666666,
      "change": 0.4253333333333327
    },
    "Pinamalayan": {
      "start_mean": 2.9,
      "end_mean": 2.319777777777778,
      "change": -0.580222222222222
    },
    "Roxas": {
      "start_mean": 2.3333333333333335,
      "end_mean": 2.4005555555555556,
      "change": 0.06722222222222207
    },
    "San Carlos": {
      "start_mean": 2.4466666666666668,
      "end_mean": 2.6967777777777773,
      "change": 0.2501111111111105
    },
    "Santa Cruz": {
      "start_mean": 1.9133333333333333,
      "end_mean": 2.4674444444444443,
      "change": 0.554111111111111
    },
    "Silay": {
      "start_mean": 2.45,
      "end_mean": 2.483888888888889,
      "change": 0.03388888888888886
    },
    "Talisay": {
      "start_mean": 2.716666666666667,
      "end_mean": 2.6109999999999998,
      "change": -0.10566666666666702
    },
    "Urdaneta": {
      "start_mean": 2.3266666666666667,
      "end_mean": 2.4548888888888887,
      "change": 0.12822222222222202
    }
  },
  "wind_speed": {
    "Bacolod": {
      "start_mean": 10.81,
      "end_mean": 9.363555555555557,
      "change": -1.4464444444444435
    },
    "Calapan": {
      "start_mean": 9.573333333333332,
      "end_mean": 11.97311111111111,
      "change": 2.3997777777777785
    },
    "Cebu City": {
      "start_mean": 10.110000000000001,
      "end_mean": 11.386111111111113,
      "change": 1.2761111111111116
    },
    "Dagupan": {
      "start_mean": 11.703333333333335,
      "end_mean": 10.604333333333333,
      "change": -1.099000000000002
    },
    "Davao City": {
      "start_mean": 10.56,
      "end_mean": 10.495333333333333,
      "change": -0.06466666666666754
    },
    "Digos": {
      "start_mean": 11.053333333333335,
      "end_mean": 12.242333333333333,
      "change": 1.1889999999999983
    },
    "Lapu-Lapu": {
      "start_mean": 10.54,
      "end_mean": 10.877666666666666,
      "change": 0.3376666666666672
    },
    "Mandaue": {
      "start_mean": 10.83,
      "end_mean": 10.559222222222225,
      "change": -0.27077777777777534
    },
    "Pinamalayan": {
      "start_mean": 11.41,
      "end_mean": 10.810888888888886,
      "change": -0.5991111111111138
    },
    "Roxas": {
      "start_mean": 9.370000000000001,
      "end_mean": 10.499777777777775,
      "change": 1.1297777777777736
    },
    "San Carlos": {
      "start_mean": 12.706666666666667,
      "end_mean": 10.57088888888889,
      "change": -2.1357777777777773
    },
    "Santa Cruz": {
      "start_mean": 11.93,
      "end_mean": 11.94111111111111,
      "change": 0.011111111111111072
    },
    "Silay": {
      "start_mean": 12.473333333333333,
      "end_mean": 10.273111111111113,
      "change": -2.2002222222222194
    },
    "Talisay": {
      "start_mean": 10.393333333333334,
      "end_mean": 11.636888888888889,
      "change": 1.2435555555555542
    },
    "Urdaneta": {
      "start_mean": 11.493333333333334,
      "end_mean": 10.900555555555554,